{
    "display": {
        "icon": {
            "item": "minecraft:player_head",
			"nbt": "{SkullOwner:{Id:[I;652293181,-950186350,-1857676489,-1403293903],Properties:{textures:[{Value:\"eyJ0ZXh0dXJlcyI6eyJTS0lOIjp7InVybCI6Imh0dHA6Ly90ZXh0dXJlcy5taW5lY3JhZnQubmV0L3RleHR1cmUvZWExNWQwNWQwYTg2ODk2OGM2NjhiNWQ4NmM0MDgzMDUzZWJlOWZkZWE5Y2U0YWExMzE1MDM1ZDNiYTg4NDNkIn19fQ==\"}]}}}"
        },
        "title": {"translate":"Bone-to-party"},
        "description": {"translate":"Reunite all skeleton variants and their three-headed overlord in one place"},
		"frame": "challenge"
    },
    "parent": "blazeandcave:combat/melting",
	"rewards": {
		"experience": 100,
		"function": "bc_rewards:combat/bone_to_party"
    },
    "criteria": {
        "bone_to_party": {
            "trigger": "minecraft:impossible"
        }
    }
}