{
    "display": {
        "icon": {
            "item": "minecraft:bone"
        },
        "title": {"translate":"The Undead Cavalry"},
        "description": {"translate":"Ride a Skeleton Horse"},
        "frame": "goal"
    },
    "parent": "blazeandcave:combat/skeleton_smiter",
    "rewards": {
        "function": "bc_rewards:combat/the_undead_cavalry"
    },		
    "criteria": {
        "skeleton_horse": {
            "trigger": "minecraft:location",
            "conditions": {
                "player": [
                    {
                        "condition": "minecraft:entity_properties",
						"entity": "this",
						"predicate": {
							"vehicle": {
								"type": "skeleton_horse"
							}
						}
                    }
                ]
            }
		}		
    }
}